abc,def,ghi,PH,jkl,mnf,opq
hfghdf,2021.11.24 14:32,2021.12.11 23:21,edkjsfl,dlkjfskljd,dlkjfskljd,dlkjfskljd
sjflkdjs,2021.10.25 14:11,2021.12.12 13:13,sjflkdjs,jsdklfKR,jsdklfKR,jsdklfKR
sldkjfslk,2021.11.20 12:12,2021.12.13 15:55,sldkjfslk,sdjfjsKRdsf,sdjfjsKRdsf,sdjfjsKRdsf
dseion,2021.11.27 14:10,2021.11.29 10:41,dseion,dlkjfskljd,dlkjfskljd,dlkjfskljd
seinb,2021.11.28 13:12,2021.12.15 15:11,seinb,djklsji,djklsji,djklsji
Mdfjslkdjf,2022.5.29 9:13,2022.11.16 16:48,Mdfjslkdjf,dklsjf-AR-dsfdf,dklsjf-AR-dsfdf,dklsjf-AR-dsfdf
l;lkfs,2021.11.30 14:32,2021.12.17 15:58,l;lkfs,dkjflksARD,dkjflksARD,dkjflksARD
sfhgf,2021.12.1 14:32,2021.12.20 22:12,Esdgbf,djKRsd,djKRsd,djKRsd
sjflkdjs,2021.4.2 9:32,2021.12.19 16:22,sjflkdjs,dlkjfskljd,dlkjfskljd,dlkjfskljd
sldkjfslk,2023.11.24 14:32,2023.12.11 12:23,sldkjfslk,jsdklfKR,jsdklfKR,jsdklfKR
dseion,2021.10.25 14:11,2021.12.12 13:42,dseion,sdjfjsKRdsf,sdjfjsKRdsf,sdjfjsKRdsf
seinb,2021.11.20 12:12,2021.12.13 23:34,seinb,dlkjfskljd,dlkjfskljd,dlkjfskljd
Mdfjslkdjf,2021.11.27 14:10,2021.11.29 10:11,Mdfjslkdjf,djklsji,djklsji,djklsji
l;lkfs,2021.11.28 13:12,2021.12.15 15:33,l;lkfs,dklsjf-AR-dsfdf,dklsjf-AR-dsfdf,dklsjf-AR-dsfdf
drhdv,2022.5.29 9:13,2022.11.16 12:48,Esdfxf,dkjflksARD,dkjflksARD,dkjflksARD
sjflkdjs,2021.11.30 14:32,2021.12.17 15:29,sjflkdjs,djKRsd,djKRsd,djKRsd
sldkjfslk,2021.12.1 14:32,2021.12.20 22:12,sldkjfslk,dlkjfskljd,dlkjfskljd,dlkjfskljd
dseion,2021.4.2 9:32,2021.12.19 16:01,dseion,jsdklfKR,jsdklfKR,jsdklfKR
seinb,2021.11.24 14:32,2021.12.11 23:04,seinb,sdjfjsKRdsf,sdjfjsKRdsf,sdjfjsKRdsf
Mdfjslkdjf,2021.3.25 14:11,2021.4.12 13:10,Mdfjslkdjf,dlkjfskljd,dlkjfskljd,dlkjfskljd
l;lkfs,2021.11.20 12:12,2021.12.13 15:09,l;lkfs,djklsji,djklsji,djklsji
cbhhsf,2021.11.27 14:10,2021.11.29 10:45,Edgdbh,dklsjf-AR-dsfdf,dklsjf-AR-dsfdf,dklsjf-AR-dsfdf
sjflkdjs,2021.11.28 13:12,2021.12.15 15:22,sjflkdjs,dkjflksARD,dkjflksARD,dkjflksARD
sldkjfslk,2022.5.29 9:13,2022.11.16 16:48,sldkjfslk,djKRsd,djKRsd,djKRsd
dseion,2021.11.30 14:32,2021.12.17 15:58,dseion,dlkjfskljd,dlkjfskljd,dlkjfskljd
Edkjsfl,2021.12.1 14:32,2021.12.20 22:12,seinb,jsdklfKR,jsdklfKR,jsdklfKR
sjflkdjs,2021.4.2 9:32,2021.12.19 16:10,Mdfjslkdjf,sdjfjsKRdsf,sdjfjsKRdsf,sdjfjsKRdsf
sldkjfslk,2021.12.21 14:32,2022.1.7 15:03,l;lkfs,dlkjfskljd,dlkjfskljd,dlkjfskljd
dseion,2024.1.4 13:17,2024.1.8 13:04,Edkjsfl,djklsji,djklsji,djklsji